{
  "iterations": 248,
  "depth": 10,
  "learning_rate": 0.03951895365831891,
  "subsample": 0.8418399165227786,
  "colsample_bylevel": 0.6837538965307697,
  "reg_lambda": 2.0255908064583776
}