{
  "iterations": 249,
  "depth": 10,
  "learning_rate": 0.1088844880691387,
  "subsample": 0.7249717854160922,
  "colsample_bylevel": 0.6331856632145212,
  "reg_lambda": 0.21697384539490638
}