{
  "iterations": 210,
  "depth": 7,
  "learning_rate": 0.08918927705127516,
  "subsample": 0.7901775703514504,
  "colsample_bylevel": 0.6722396782230107,
  "reg_lambda": 6.470162312816013
}