{
  "iterations": 245,
  "depth": 10,
  "learning_rate": 0.03331780133678419,
  "subsample": 0.9824740507838507,
  "colsample_bylevel": 0.9888563190892844,
  "reg_lambda": 7.608615458075638
}