{
  "iterations": 236,
  "depth": 7,
  "learning_rate": 0.08724838395825182,
  "subsample": 0.8456481296350893,
  "colsample_bylevel": 0.9965854504662367,
  "reg_lambda": 4.052062132660439
}