{
  "iterations": 139,
  "depth": 5,
  "learning_rate": 0.13876722195864902,
  "subsample": 0.8355354212413362,
  "colsample_bylevel": 0.8238363638911738,
  "reg_lambda": 5.3484128717498045
}