{
  "iterations": 184,
  "depth": 6,
  "learning_rate": 0.09443470981487039,
  "subsample": 0.615295582615694,
  "colsample_bylevel": 0.6766422732932793,
  "reg_lambda": 5.853821851826241
}