{
  "n_estimators": 112,
  "max_depth": 10,
  "learning_rate": 0.15683626790322533,
  "subsample": 0.9984395060814649,
  "colsample_bytree": 0.751580039808378,
  "min_child_weight": 5,
  "gamma": 0.32976053096502966,
  "reg_alpha": 0.7692830968009388,
  "reg_lambda": 0.24667446962651762
}