{
  "n_estimators": 198,
  "max_depth": 10,
  "learning_rate": 0.2827886956475639,
  "subsample": 0.8817114401493237,
  "colsample_bytree": 0.8461866375355247,
  "min_child_weight": 7,
  "gamma": 0.0041234324763201324,
  "reg_alpha": 0.2237923080705677,
  "reg_lambda": 0.6948783948409376
}